{"cameraMode":{"drawMode":0,"name":"Shaded","section":"Shading Mode"},"sceneLighting":true,"audioPlay":false,"sceneViewState":{"showFog":true,"showMaterialUpdate":false,"showSkybox":true,"showFlares":true,"showImageEffects":true,"showParticleSystems":true},"in2DMode":false,"pivot":{"x":5.412660598754883,"y":4.089552879333496,"z":-5.174544334411621},"rotation":{"x":-0.10988404601812363,"y":0.8858776688575745,"z":-0.3613612651824951,"w":-0.26938050985336306},"size":3.6999964714050295,"orthographic":false}